prompt,model,model_id,diagnosis,inferred_diagnosis,template,image_path,reference_image_paths,ssim,color_similarity,shape_similarity,performance
"Gnenerate a dermoscopic skin lesion of a single melanocytic nevus, extreme close-up macro, ISIC-style, skin only, no body parts, lesion visible, clinical lighting, sharp focus, clinical photo",sd3.5,stabilityai/stable-diffusion-3.5-large,nv,nv,template_1,C:\Users\Victor\Desktop\University\Master\Semester 1\Synthetic Data Generation for Skin Cancer Detection\POC\synthetic-data-gen\logs\experiments\experiment_1_20251222_220532\images\image_000.png,"['C:\\Users\\Victor\\Desktop\\University\\Master\\Semester 1\\Synthetic Data Generation for Skin Cancer Detection\\POC\\synthetic-data-gen\\logs\\experiments\\experiment_1_20251222_220532\\images\\ref_000_0.png', 'C:\\Users\\Victor\\Desktop\\University\\Master\\Semester 1\\Synthetic Data Generation for Skin Cancer Detection\\POC\\synthetic-data-gen\\logs\\experiments\\experiment_1_20251222_220532\\images\\ref_000_1.png', 'C:\\Users\\Victor\\Desktop\\University\\Master\\Semester 1\\Synthetic Data Generation for Skin Cancer Detection\\POC\\synthetic-data-gen\\logs\\experiments\\experiment_1_20251222_220532\\images\\ref_000_2.png', 'C:\\Users\\Victor\\Desktop\\University\\Master\\Semester 1\\Synthetic Data Generation for Skin Cancer Detection\\POC\\synthetic-data-gen\\logs\\experiments\\experiment_1_20251222_220532\\images\\ref_000_3.png', 'C:\\Users\\Victor\\Desktop\\University\\Master\\Semester 1\\Synthetic Data Generation for Skin Cancer Detection\\POC\\synthetic-data-gen\\logs\\experiments\\experiment_1_20251222_220532\\images\\ref_000_4.png']",0.5202568605056654,0.0,0.02456948969952446,"{'total_time_seconds': 443.91141533851624, 'seconds_per_image': 443.91141533851624, 'avg_power_watts': 55.472638190954775, 'peak_power_watts': 59.03, 'total_energy_wh': 6.84026036997449, 'energy_per_image_wh': 6.84026036997449}"
"Gnenerate a dermoscopic skin lesion of a single melanoma, extreme close-up macro, ISIC-style, skin only, no body parts, lesion visible, clinical lighting, sharp focus, clinical photo",sd3.5,stabilityai/stable-diffusion-3.5-large,mel,mel,template_1,C:\Users\Victor\Desktop\University\Master\Semester 1\Synthetic Data Generation for Skin Cancer Detection\POC\synthetic-data-gen\logs\experiments\experiment_1_20251222_220532\images\image_001.png,"['C:\\Users\\Victor\\Desktop\\University\\Master\\Semester 1\\Synthetic Data Generation for Skin Cancer Detection\\POC\\synthetic-data-gen\\logs\\experiments\\experiment_1_20251222_220532\\images\\ref_001_0.png', 'C:\\Users\\Victor\\Desktop\\University\\Master\\Semester 1\\Synthetic Data Generation for Skin Cancer Detection\\POC\\synthetic-data-gen\\logs\\experiments\\experiment_1_20251222_220532\\images\\ref_001_1.png', 'C:\\Users\\Victor\\Desktop\\University\\Master\\Semester 1\\Synthetic Data Generation for Skin Cancer Detection\\POC\\synthetic-data-gen\\logs\\experiments\\experiment_1_20251222_220532\\images\\ref_001_2.png', 'C:\\Users\\Victor\\Desktop\\University\\Master\\Semester 1\\Synthetic Data Generation for Skin Cancer Detection\\POC\\synthetic-data-gen\\logs\\experiments\\experiment_1_20251222_220532\\images\\ref_001_3.png', 'C:\\Users\\Victor\\Desktop\\University\\Master\\Semester 1\\Synthetic Data Generation for Skin Cancer Detection\\POC\\synthetic-data-gen\\logs\\experiments\\experiment_1_20251222_220532\\images\\ref_001_4.png']",0.23170105113664735,0.018752965845148704,0.01703180369633377,"{'total_time_seconds': 566.3846929073334, 'seconds_per_image': 566.3846929073334, 'avg_power_watts': 55.62090373280943, 'peak_power_watts': 63.12, 'total_energy_wh': 8.750785688871007, 'energy_per_image_wh': 8.750785688871007}"
"Gnenerate a dermoscopic skin lesion of a single benign keratosis, extreme close-up macro, ISIC-style, skin only, no body parts, lesion visible, clinical lighting, sharp focus, clinical photo",sd3.5,stabilityai/stable-diffusion-3.5-large,bkl,bkl,template_1,C:\Users\Victor\Desktop\University\Master\Semester 1\Synthetic Data Generation for Skin Cancer Detection\POC\synthetic-data-gen\logs\experiments\experiment_1_20251222_220532\images\image_002.png,"['C:\\Users\\Victor\\Desktop\\University\\Master\\Semester 1\\Synthetic Data Generation for Skin Cancer Detection\\POC\\synthetic-data-gen\\logs\\experiments\\experiment_1_20251222_220532\\images\\ref_002_0.png', 'C:\\Users\\Victor\\Desktop\\University\\Master\\Semester 1\\Synthetic Data Generation for Skin Cancer Detection\\POC\\synthetic-data-gen\\logs\\experiments\\experiment_1_20251222_220532\\images\\ref_002_1.png', 'C:\\Users\\Victor\\Desktop\\University\\Master\\Semester 1\\Synthetic Data Generation for Skin Cancer Detection\\POC\\synthetic-data-gen\\logs\\experiments\\experiment_1_20251222_220532\\images\\ref_002_2.png', 'C:\\Users\\Victor\\Desktop\\University\\Master\\Semester 1\\Synthetic Data Generation for Skin Cancer Detection\\POC\\synthetic-data-gen\\logs\\experiments\\experiment_1_20251222_220532\\images\\ref_002_3.png', 'C:\\Users\\Victor\\Desktop\\University\\Master\\Semester 1\\Synthetic Data Generation for Skin Cancer Detection\\POC\\synthetic-data-gen\\logs\\experiments\\experiment_1_20251222_220532\\images\\ref_002_4.png']",0.46799792165657406,0.0,0.037928315076809146,"{'total_time_seconds': 568.2091875076294, 'seconds_per_image': 568.2091875076294, 'avg_power_watts': 56.71267198404785, 'peak_power_watts': 60.55, 'total_energy_wh': 8.951294797067368, 'energy_per_image_wh': 8.951294797067368}"
"Gnenerate a dermoscopic skin lesion of a single basal cell carcinoma, extreme close-up macro, ISIC-style, skin only, no body parts, lesion visible, clinical lighting, sharp focus, clinical photo",sd3.5,stabilityai/stable-diffusion-3.5-large,bcc,bcc,template_1,C:\Users\Victor\Desktop\University\Master\Semester 1\Synthetic Data Generation for Skin Cancer Detection\POC\synthetic-data-gen\logs\experiments\experiment_1_20251222_220532\images\image_003.png,"['C:\\Users\\Victor\\Desktop\\University\\Master\\Semester 1\\Synthetic Data Generation for Skin Cancer Detection\\POC\\synthetic-data-gen\\logs\\experiments\\experiment_1_20251222_220532\\images\\ref_003_0.png', 'C:\\Users\\Victor\\Desktop\\University\\Master\\Semester 1\\Synthetic Data Generation for Skin Cancer Detection\\POC\\synthetic-data-gen\\logs\\experiments\\experiment_1_20251222_220532\\images\\ref_003_1.png', 'C:\\Users\\Victor\\Desktop\\University\\Master\\Semester 1\\Synthetic Data Generation for Skin Cancer Detection\\POC\\synthetic-data-gen\\logs\\experiments\\experiment_1_20251222_220532\\images\\ref_003_2.png', 'C:\\Users\\Victor\\Desktop\\University\\Master\\Semester 1\\Synthetic Data Generation for Skin Cancer Detection\\POC\\synthetic-data-gen\\logs\\experiments\\experiment_1_20251222_220532\\images\\ref_003_3.png', 'C:\\Users\\Victor\\Desktop\\University\\Master\\Semester 1\\Synthetic Data Generation for Skin Cancer Detection\\POC\\synthetic-data-gen\\logs\\experiments\\experiment_1_20251222_220532\\images\\ref_003_4.png']",0.4586141757952726,0.0007772986027350952,0.04064214635826025,"{'total_time_seconds': 550.5896310806274, 'seconds_per_image': 550.5896310806274, 'avg_power_watts': 57.248578680203046, 'peak_power_watts': 60.49, 'total_energy_wh': 8.755687170950909, 'energy_per_image_wh': 8.755687170950909}"
"Gnenerate a dermoscopic skin lesion of a single actinic keratosis, extreme close-up macro, ISIC-style, skin only, no body parts, lesion visible, clinical lighting, sharp focus, clinical photo",sd3.5,stabilityai/stable-diffusion-3.5-large,akiec,akiec,template_1,C:\Users\Victor\Desktop\University\Master\Semester 1\Synthetic Data Generation for Skin Cancer Detection\POC\synthetic-data-gen\logs\experiments\experiment_1_20251222_220532\images\image_004.png,"['C:\\Users\\Victor\\Desktop\\University\\Master\\Semester 1\\Synthetic Data Generation for Skin Cancer Detection\\POC\\synthetic-data-gen\\logs\\experiments\\experiment_1_20251222_220532\\images\\ref_004_0.png', 'C:\\Users\\Victor\\Desktop\\University\\Master\\Semester 1\\Synthetic Data Generation for Skin Cancer Detection\\POC\\synthetic-data-gen\\logs\\experiments\\experiment_1_20251222_220532\\images\\ref_004_1.png', 'C:\\Users\\Victor\\Desktop\\University\\Master\\Semester 1\\Synthetic Data Generation for Skin Cancer Detection\\POC\\synthetic-data-gen\\logs\\experiments\\experiment_1_20251222_220532\\images\\ref_004_2.png', 'C:\\Users\\Victor\\Desktop\\University\\Master\\Semester 1\\Synthetic Data Generation for Skin Cancer Detection\\POC\\synthetic-data-gen\\logs\\experiments\\experiment_1_20251222_220532\\images\\ref_004_3.png', 'C:\\Users\\Victor\\Desktop\\University\\Master\\Semester 1\\Synthetic Data Generation for Skin Cancer Detection\\POC\\synthetic-data-gen\\logs\\experiments\\experiment_1_20251222_220532\\images\\ref_004_4.png']",0.3424607377878172,0.01373390825405299,0.015811065089847153,"{'total_time_seconds': 600.144553899765, 'seconds_per_image': 600.144553899765, 'avg_power_watts': 57.8848590225564, 'peak_power_watts': 60.65, 'total_energy_wh': 9.649800804345249, 'energy_per_image_wh': 9.649800804345249}"
"Gnenerate a dermoscopic skin lesion of a single vascular lesion, extreme close-up macro, ISIC-style, skin only, no body parts, lesion visible, clinical lighting, sharp focus, clinical photo",sd3.5,stabilityai/stable-diffusion-3.5-large,vasc,vasc,template_1,C:\Users\Victor\Desktop\University\Master\Semester 1\Synthetic Data Generation for Skin Cancer Detection\POC\synthetic-data-gen\logs\experiments\experiment_1_20251222_220532\images\image_005.png,"['C:\\Users\\Victor\\Desktop\\University\\Master\\Semester 1\\Synthetic Data Generation for Skin Cancer Detection\\POC\\synthetic-data-gen\\logs\\experiments\\experiment_1_20251222_220532\\images\\ref_005_0.png', 'C:\\Users\\Victor\\Desktop\\University\\Master\\Semester 1\\Synthetic Data Generation for Skin Cancer Detection\\POC\\synthetic-data-gen\\logs\\experiments\\experiment_1_20251222_220532\\images\\ref_005_1.png', 'C:\\Users\\Victor\\Desktop\\University\\Master\\Semester 1\\Synthetic Data Generation for Skin Cancer Detection\\POC\\synthetic-data-gen\\logs\\experiments\\experiment_1_20251222_220532\\images\\ref_005_2.png', 'C:\\Users\\Victor\\Desktop\\University\\Master\\Semester 1\\Synthetic Data Generation for Skin Cancer Detection\\POC\\synthetic-data-gen\\logs\\experiments\\experiment_1_20251222_220532\\images\\ref_005_3.png', 'C:\\Users\\Victor\\Desktop\\University\\Master\\Semester 1\\Synthetic Data Generation for Skin Cancer Detection\\POC\\synthetic-data-gen\\logs\\experiments\\experiment_1_20251222_220532\\images\\ref_005_4.png']",0.48539495138474786,0.0,0.008168334490042407,"{'total_time_seconds': 598.8903868198395, 'seconds_per_image': 598.8903868198395, 'avg_power_watts': 56.711958955223885, 'peak_power_watts': 62.2, 'total_energy_wh': 9.434513065556914, 'energy_per_image_wh': 9.434513065556914}"
"Gnenerate a dermoscopic skin lesion of a single dermatofibroma, extreme close-up macro, ISIC-style, skin only, no body parts, lesion visible, clinical lighting, sharp focus, clinical photo",sd3.5,stabilityai/stable-diffusion-3.5-large,df,df,template_1,C:\Users\Victor\Desktop\University\Master\Semester 1\Synthetic Data Generation for Skin Cancer Detection\POC\synthetic-data-gen\logs\experiments\experiment_1_20251222_220532\images\image_006.png,"['C:\\Users\\Victor\\Desktop\\University\\Master\\Semester 1\\Synthetic Data Generation for Skin Cancer Detection\\POC\\synthetic-data-gen\\logs\\experiments\\experiment_1_20251222_220532\\images\\ref_006_0.png', 'C:\\Users\\Victor\\Desktop\\University\\Master\\Semester 1\\Synthetic Data Generation for Skin Cancer Detection\\POC\\synthetic-data-gen\\logs\\experiments\\experiment_1_20251222_220532\\images\\ref_006_1.png', 'C:\\Users\\Victor\\Desktop\\University\\Master\\Semester 1\\Synthetic Data Generation for Skin Cancer Detection\\POC\\synthetic-data-gen\\logs\\experiments\\experiment_1_20251222_220532\\images\\ref_006_2.png', 'C:\\Users\\Victor\\Desktop\\University\\Master\\Semester 1\\Synthetic Data Generation for Skin Cancer Detection\\POC\\synthetic-data-gen\\logs\\experiments\\experiment_1_20251222_220532\\images\\ref_006_3.png', 'C:\\Users\\Victor\\Desktop\\University\\Master\\Semester 1\\Synthetic Data Generation for Skin Cancer Detection\\POC\\synthetic-data-gen\\logs\\experiments\\experiment_1_20251222_220532\\images\\ref_006_4.png']",0.3454617139286803,0.025998918873054628,0.013785467374533547,"{'total_time_seconds': 591.8690493106842, 'seconds_per_image': 591.8690493106842, 'avg_power_watts': 58.16017159199238, 'peak_power_watts': 60.63, 'total_energy_wh': 9.562001518860775, 'energy_per_image_wh': 9.562001518860775}"
"ultra photorealistic ISIC-style dermoscopic close-up photograph of a single melanocytic nevus skin lesion on real human skin, taken with a contact polarized dermatoscope using immersion fluid, lesion occupying about one third of the frame on a light pink skin background, full lesion visible and slightly off-center, fine body hairs crossing the lesion and surrounding skin, subtle surface reflections from the dermatoscope contact plate, even soft clinical lighting with no harsh shadows, razor-sharp focus over the entire lesion, natural skin texture and pores clearly visible, realistic color range from light pink to dark brown and black, irregular pigment network and internal structures clearly defined, unedited hospital dermatology research image, no artistic style, no filters, clear skin, no hairs",sd3.5,stabilityai/stable-diffusion-3.5-large,nv,nv,template_2,C:\Users\Victor\Desktop\University\Master\Semester 1\Synthetic Data Generation for Skin Cancer Detection\POC\synthetic-data-gen\logs\experiments\experiment_1_20251222_220532\images\image_007.png,"['C:\\Users\\Victor\\Desktop\\University\\Master\\Semester 1\\Synthetic Data Generation for Skin Cancer Detection\\POC\\synthetic-data-gen\\logs\\experiments\\experiment_1_20251222_220532\\images\\ref_007_0.png', 'C:\\Users\\Victor\\Desktop\\University\\Master\\Semester 1\\Synthetic Data Generation for Skin Cancer Detection\\POC\\synthetic-data-gen\\logs\\experiments\\experiment_1_20251222_220532\\images\\ref_007_1.png', 'C:\\Users\\Victor\\Desktop\\University\\Master\\Semester 1\\Synthetic Data Generation for Skin Cancer Detection\\POC\\synthetic-data-gen\\logs\\experiments\\experiment_1_20251222_220532\\images\\ref_007_2.png', 'C:\\Users\\Victor\\Desktop\\University\\Master\\Semester 1\\Synthetic Data Generation for Skin Cancer Detection\\POC\\synthetic-data-gen\\logs\\experiments\\experiment_1_20251222_220532\\images\\ref_007_3.png', 'C:\\Users\\Victor\\Desktop\\University\\Master\\Semester 1\\Synthetic Data Generation for Skin Cancer Detection\\POC\\synthetic-data-gen\\logs\\experiments\\experiment_1_20251222_220532\\images\\ref_007_4.png']",0.4753244406935958,0.04118947961496589,0.014438496398941838,"{'total_time_seconds': 608.0414853096008, 'seconds_per_image': 608.0414853096008, 'avg_power_watts': 57.18997250229147, 'peak_power_watts': 59.92, 'total_energy_wh': 9.659409951419036, 'energy_per_image_wh': 9.659409951419036}"
"ultra photorealistic ISIC-style dermoscopic close-up photograph of a single melanoma skin lesion on real human skin, taken with a contact polarized dermatoscope using immersion fluid, lesion occupying about one third of the frame on a light pink skin background, full lesion visible and slightly off-center, fine body hairs crossing the lesion and surrounding skin, subtle surface reflections from the dermatoscope contact plate, even soft clinical lighting with no harsh shadows, razor-sharp focus over the entire lesion, natural skin texture and pores clearly visible, realistic color range from light pink to dark brown and black, irregular pigment network and internal structures clearly defined, unedited hospital dermatology research image, no artistic style, no filters, clear skin, no hairs",sd3.5,stabilityai/stable-diffusion-3.5-large,mel,mel,template_2,C:\Users\Victor\Desktop\University\Master\Semester 1\Synthetic Data Generation for Skin Cancer Detection\POC\synthetic-data-gen\logs\experiments\experiment_1_20251222_220532\images\image_008.png,"['C:\\Users\\Victor\\Desktop\\University\\Master\\Semester 1\\Synthetic Data Generation for Skin Cancer Detection\\POC\\synthetic-data-gen\\logs\\experiments\\experiment_1_20251222_220532\\images\\ref_008_0.png', 'C:\\Users\\Victor\\Desktop\\University\\Master\\Semester 1\\Synthetic Data Generation for Skin Cancer Detection\\POC\\synthetic-data-gen\\logs\\experiments\\experiment_1_20251222_220532\\images\\ref_008_1.png', 'C:\\Users\\Victor\\Desktop\\University\\Master\\Semester 1\\Synthetic Data Generation for Skin Cancer Detection\\POC\\synthetic-data-gen\\logs\\experiments\\experiment_1_20251222_220532\\images\\ref_008_2.png', 'C:\\Users\\Victor\\Desktop\\University\\Master\\Semester 1\\Synthetic Data Generation for Skin Cancer Detection\\POC\\synthetic-data-gen\\logs\\experiments\\experiment_1_20251222_220532\\images\\ref_008_3.png', 'C:\\Users\\Victor\\Desktop\\University\\Master\\Semester 1\\Synthetic Data Generation for Skin Cancer Detection\\POC\\synthetic-data-gen\\logs\\experiments\\experiment_1_20251222_220532\\images\\ref_008_4.png']",0.5617709743673094,0.0,0.010722099887758702,"{'total_time_seconds': 455.97531604766846, 'seconds_per_image': 455.97531604766846, 'avg_power_watts': 58.252373300370834, 'peak_power_watts': 65.02, 'total_energy_wh': 7.378234535045376, 'energy_per_image_wh': 7.378234535045376}"
"ultra photorealistic ISIC-style dermoscopic close-up photograph of a single benign keratosis skin lesion on real human skin, taken with a contact polarized dermatoscope using immersion fluid, lesion occupying about one third of the frame on a light pink skin background, full lesion visible and slightly off-center, fine body hairs crossing the lesion and surrounding skin, subtle surface reflections from the dermatoscope contact plate, even soft clinical lighting with no harsh shadows, razor-sharp focus over the entire lesion, natural skin texture and pores clearly visible, realistic color range from light pink to dark brown and black, irregular pigment network and internal structures clearly defined, unedited hospital dermatology research image, no artistic style, no filters, clear skin, no hairs",sd3.5,stabilityai/stable-diffusion-3.5-large,bkl,bkl,template_2,C:\Users\Victor\Desktop\University\Master\Semester 1\Synthetic Data Generation for Skin Cancer Detection\POC\synthetic-data-gen\logs\experiments\experiment_1_20251222_220532\images\image_009.png,"['C:\\Users\\Victor\\Desktop\\University\\Master\\Semester 1\\Synthetic Data Generation for Skin Cancer Detection\\POC\\synthetic-data-gen\\logs\\experiments\\experiment_1_20251222_220532\\images\\ref_009_0.png', 'C:\\Users\\Victor\\Desktop\\University\\Master\\Semester 1\\Synthetic Data Generation for Skin Cancer Detection\\POC\\synthetic-data-gen\\logs\\experiments\\experiment_1_20251222_220532\\images\\ref_009_1.png', 'C:\\Users\\Victor\\Desktop\\University\\Master\\Semester 1\\Synthetic Data Generation for Skin Cancer Detection\\POC\\synthetic-data-gen\\logs\\experiments\\experiment_1_20251222_220532\\images\\ref_009_2.png', 'C:\\Users\\Victor\\Desktop\\University\\Master\\Semester 1\\Synthetic Data Generation for Skin Cancer Detection\\POC\\synthetic-data-gen\\logs\\experiments\\experiment_1_20251222_220532\\images\\ref_009_3.png', 'C:\\Users\\Victor\\Desktop\\University\\Master\\Semester 1\\Synthetic Data Generation for Skin Cancer Detection\\POC\\synthetic-data-gen\\logs\\experiments\\experiment_1_20251222_220532\\images\\ref_009_4.png']",0.3292544622044214,0.0,0.017107149363362384,"{'total_time_seconds': 611.4639039039612, 'seconds_per_image': 611.4639039039612, 'avg_power_watts': 57.187315741583255, 'peak_power_watts': 59.69, 'total_energy_wh': 9.713327593649153, 'energy_per_image_wh': 9.713327593649153}"
"ultra photorealistic ISIC-style dermoscopic close-up photograph of a single basal cell carcinoma skin lesion on real human skin, taken with a contact polarized dermatoscope using immersion fluid, lesion occupying about one third of the frame on a light pink skin background, full lesion visible and slightly off-center, fine body hairs crossing the lesion and surrounding skin, subtle surface reflections from the dermatoscope contact plate, even soft clinical lighting with no harsh shadows, razor-sharp focus over the entire lesion, natural skin texture and pores clearly visible, realistic color range from light pink to dark brown and black, irregular pigment network and internal structures clearly defined, unedited hospital dermatology research image, no artistic style, no filters, clear skin, no hairs",sd3.5,stabilityai/stable-diffusion-3.5-large,bcc,bcc,template_2,C:\Users\Victor\Desktop\University\Master\Semester 1\Synthetic Data Generation for Skin Cancer Detection\POC\synthetic-data-gen\logs\experiments\experiment_1_20251222_220532\images\image_010.png,"['C:\\Users\\Victor\\Desktop\\University\\Master\\Semester 1\\Synthetic Data Generation for Skin Cancer Detection\\POC\\synthetic-data-gen\\logs\\experiments\\experiment_1_20251222_220532\\images\\ref_010_0.png', 'C:\\Users\\Victor\\Desktop\\University\\Master\\Semester 1\\Synthetic Data Generation for Skin Cancer Detection\\POC\\synthetic-data-gen\\logs\\experiments\\experiment_1_20251222_220532\\images\\ref_010_1.png', 'C:\\Users\\Victor\\Desktop\\University\\Master\\Semester 1\\Synthetic Data Generation for Skin Cancer Detection\\POC\\synthetic-data-gen\\logs\\experiments\\experiment_1_20251222_220532\\images\\ref_010_2.png', 'C:\\Users\\Victor\\Desktop\\University\\Master\\Semester 1\\Synthetic Data Generation for Skin Cancer Detection\\POC\\synthetic-data-gen\\logs\\experiments\\experiment_1_20251222_220532\\images\\ref_010_3.png', 'C:\\Users\\Victor\\Desktop\\University\\Master\\Semester 1\\Synthetic Data Generation for Skin Cancer Detection\\POC\\synthetic-data-gen\\logs\\experiments\\experiment_1_20251222_220532\\images\\ref_010_4.png']",0.599828422492337,0.13435708454863263,0.01331451932198339,"{'total_time_seconds': 595.2019600868225, 'seconds_per_image': 595.2019600868225, 'avg_power_watts': 57.60963843958135, 'peak_power_watts': 61.57, 'total_energy_wh': 9.524824921981105, 'energy_per_image_wh': 9.524824921981105}"
"ultra photorealistic ISIC-style dermoscopic close-up photograph of a single actinic keratosis skin lesion on real human skin, taken with a contact polarized dermatoscope using immersion fluid, lesion occupying about one third of the frame on a light pink skin background, full lesion visible and slightly off-center, fine body hairs crossing the lesion and surrounding skin, subtle surface reflections from the dermatoscope contact plate, even soft clinical lighting with no harsh shadows, razor-sharp focus over the entire lesion, natural skin texture and pores clearly visible, realistic color range from light pink to dark brown and black, irregular pigment network and internal structures clearly defined, unedited hospital dermatology research image, no artistic style, no filters, clear skin, no hairs",sd3.5,stabilityai/stable-diffusion-3.5-large,akiec,akiec,template_2,C:\Users\Victor\Desktop\University\Master\Semester 1\Synthetic Data Generation for Skin Cancer Detection\POC\synthetic-data-gen\logs\experiments\experiment_1_20251222_220532\images\image_011.png,"['C:\\Users\\Victor\\Desktop\\University\\Master\\Semester 1\\Synthetic Data Generation for Skin Cancer Detection\\POC\\synthetic-data-gen\\logs\\experiments\\experiment_1_20251222_220532\\images\\ref_011_0.png', 'C:\\Users\\Victor\\Desktop\\University\\Master\\Semester 1\\Synthetic Data Generation for Skin Cancer Detection\\POC\\synthetic-data-gen\\logs\\experiments\\experiment_1_20251222_220532\\images\\ref_011_1.png', 'C:\\Users\\Victor\\Desktop\\University\\Master\\Semester 1\\Synthetic Data Generation for Skin Cancer Detection\\POC\\synthetic-data-gen\\logs\\experiments\\experiment_1_20251222_220532\\images\\ref_011_2.png', 'C:\\Users\\Victor\\Desktop\\University\\Master\\Semester 1\\Synthetic Data Generation for Skin Cancer Detection\\POC\\synthetic-data-gen\\logs\\experiments\\experiment_1_20251222_220532\\images\\ref_011_3.png', 'C:\\Users\\Victor\\Desktop\\University\\Master\\Semester 1\\Synthetic Data Generation for Skin Cancer Detection\\POC\\synthetic-data-gen\\logs\\experiments\\experiment_1_20251222_220532\\images\\ref_011_4.png']",0.5171791180589135,0.23263393158715054,0.03406157643269952,"{'total_time_seconds': 584.6580059528351, 'seconds_per_image': 584.6580059528351, 'avg_power_watts': 57.60286666666667, 'peak_power_watts': 61.02, 'total_energy_wh': 9.354993656250102, 'energy_per_image_wh': 9.354993656250102}"
"ultra photorealistic ISIC-style dermoscopic close-up photograph of a single vascular lesion skin lesion on real human skin, taken with a contact polarized dermatoscope using immersion fluid, lesion occupying about one third of the frame on a light pink skin background, full lesion visible and slightly off-center, fine body hairs crossing the lesion and surrounding skin, subtle surface reflections from the dermatoscope contact plate, even soft clinical lighting with no harsh shadows, razor-sharp focus over the entire lesion, natural skin texture and pores clearly visible, realistic color range from light pink to dark brown and black, irregular pigment network and internal structures clearly defined, unedited hospital dermatology research image, no artistic style, no filters, clear skin, no hairs",sd3.5,stabilityai/stable-diffusion-3.5-large,vasc,vasc,template_2,C:\Users\Victor\Desktop\University\Master\Semester 1\Synthetic Data Generation for Skin Cancer Detection\POC\synthetic-data-gen\logs\experiments\experiment_1_20251222_220532\images\image_012.png,"['C:\\Users\\Victor\\Desktop\\University\\Master\\Semester 1\\Synthetic Data Generation for Skin Cancer Detection\\POC\\synthetic-data-gen\\logs\\experiments\\experiment_1_20251222_220532\\images\\ref_012_0.png', 'C:\\Users\\Victor\\Desktop\\University\\Master\\Semester 1\\Synthetic Data Generation for Skin Cancer Detection\\POC\\synthetic-data-gen\\logs\\experiments\\experiment_1_20251222_220532\\images\\ref_012_1.png', 'C:\\Users\\Victor\\Desktop\\University\\Master\\Semester 1\\Synthetic Data Generation for Skin Cancer Detection\\POC\\synthetic-data-gen\\logs\\experiments\\experiment_1_20251222_220532\\images\\ref_012_2.png', 'C:\\Users\\Victor\\Desktop\\University\\Master\\Semester 1\\Synthetic Data Generation for Skin Cancer Detection\\POC\\synthetic-data-gen\\logs\\experiments\\experiment_1_20251222_220532\\images\\ref_012_3.png', 'C:\\Users\\Victor\\Desktop\\University\\Master\\Semester 1\\Synthetic Data Generation for Skin Cancer Detection\\POC\\synthetic-data-gen\\logs\\experiments\\experiment_1_20251222_220532\\images\\ref_012_4.png']",0.5020393938752041,0.0402578717839476,0.04430045389664223,"{'total_time_seconds': 609.6675033569336, 'seconds_per_image': 609.6675033569336, 'avg_power_watts': 57.84438888888889, 'peak_power_watts': 62.56, 'total_energy_wh': 9.796067821415678, 'energy_per_image_wh': 9.796067821415678}"
"ultra photorealistic ISIC-style dermoscopic close-up photograph of a single dermatofibroma skin lesion on real human skin, taken with a contact polarized dermatoscope using immersion fluid, lesion occupying about one third of the frame on a light pink skin background, full lesion visible and slightly off-center, fine body hairs crossing the lesion and surrounding skin, subtle surface reflections from the dermatoscope contact plate, even soft clinical lighting with no harsh shadows, razor-sharp focus over the entire lesion, natural skin texture and pores clearly visible, realistic color range from light pink to dark brown and black, irregular pigment network and internal structures clearly defined, unedited hospital dermatology research image, no artistic style, no filters, clear skin, no hairs",sd3.5,stabilityai/stable-diffusion-3.5-large,df,df,template_2,C:\Users\Victor\Desktop\University\Master\Semester 1\Synthetic Data Generation for Skin Cancer Detection\POC\synthetic-data-gen\logs\experiments\experiment_1_20251222_220532\images\image_013.png,"['C:\\Users\\Victor\\Desktop\\University\\Master\\Semester 1\\Synthetic Data Generation for Skin Cancer Detection\\POC\\synthetic-data-gen\\logs\\experiments\\experiment_1_20251222_220532\\images\\ref_013_0.png', 'C:\\Users\\Victor\\Desktop\\University\\Master\\Semester 1\\Synthetic Data Generation for Skin Cancer Detection\\POC\\synthetic-data-gen\\logs\\experiments\\experiment_1_20251222_220532\\images\\ref_013_1.png', 'C:\\Users\\Victor\\Desktop\\University\\Master\\Semester 1\\Synthetic Data Generation for Skin Cancer Detection\\POC\\synthetic-data-gen\\logs\\experiments\\experiment_1_20251222_220532\\images\\ref_013_2.png', 'C:\\Users\\Victor\\Desktop\\University\\Master\\Semester 1\\Synthetic Data Generation for Skin Cancer Detection\\POC\\synthetic-data-gen\\logs\\experiments\\experiment_1_20251222_220532\\images\\ref_013_3.png', 'C:\\Users\\Victor\\Desktop\\University\\Master\\Semester 1\\Synthetic Data Generation for Skin Cancer Detection\\POC\\synthetic-data-gen\\logs\\experiments\\experiment_1_20251222_220532\\images\\ref_013_4.png']",0.5788724808503647,0.08515439458773338,0.014884573460928177,"{'total_time_seconds': 584.5331044197083, 'seconds_per_image': 584.5331044197083, 'avg_power_watts': 56.30869356388089, 'peak_power_watts': 61.85, 'total_energy_wh': 9.142859848531483, 'energy_per_image_wh': 9.142859848531483}"
"You are a clinical dermatology research photographer. Generate one ultra-photorealistic ISIC-style dermoscopic close-up photo of a single melanocytic nevus lesion on real human skin, captured with a contact polarized dermatoscope using immersion fluid. Light pink skin background, natural pores/texture visible. Lesion occupies ~35% of the frame, fully visible, slightly off-center. Include a few fine body hairs crossing the lesion and nearby skin. Show subtle specular reflections from the dermatoscope contact plate. Even soft clinical lighting, no harsh shadows. Razor-sharp focus across the entire lesion (no blur). Realistic color variegation: light pink/tan to dark brown/black, with asymmetry, irregular border, atypical pigment network, and irregular internal structures (dots/globules, streaks). Looks like a raw, unedited hospital dermatology research image; no artistic style, no filters, no beautification.",sd3.5,stabilityai/stable-diffusion-3.5-large,nv,nv,template_3,C:\Users\Victor\Desktop\University\Master\Semester 1\Synthetic Data Generation for Skin Cancer Detection\POC\synthetic-data-gen\logs\experiments\experiment_1_20251222_220532\images\image_014.png,"['C:\\Users\\Victor\\Desktop\\University\\Master\\Semester 1\\Synthetic Data Generation for Skin Cancer Detection\\POC\\synthetic-data-gen\\logs\\experiments\\experiment_1_20251222_220532\\images\\ref_014_0.png', 'C:\\Users\\Victor\\Desktop\\University\\Master\\Semester 1\\Synthetic Data Generation for Skin Cancer Detection\\POC\\synthetic-data-gen\\logs\\experiments\\experiment_1_20251222_220532\\images\\ref_014_1.png', 'C:\\Users\\Victor\\Desktop\\University\\Master\\Semester 1\\Synthetic Data Generation for Skin Cancer Detection\\POC\\synthetic-data-gen\\logs\\experiments\\experiment_1_20251222_220532\\images\\ref_014_2.png', 'C:\\Users\\Victor\\Desktop\\University\\Master\\Semester 1\\Synthetic Data Generation for Skin Cancer Detection\\POC\\synthetic-data-gen\\logs\\experiments\\experiment_1_20251222_220532\\images\\ref_014_3.png', 'C:\\Users\\Victor\\Desktop\\University\\Master\\Semester 1\\Synthetic Data Generation for Skin Cancer Detection\\POC\\synthetic-data-gen\\logs\\experiments\\experiment_1_20251222_220532\\images\\ref_014_4.png']",0.4523905237812283,0.08797568201097726,0.015014134835229672,"{'total_time_seconds': 519.9283964633942, 'seconds_per_image': 519.9283964633942, 'avg_power_watts': 58.24479956663055, 'peak_power_watts': 63.69, 'total_energy_wh': 8.411979233613893, 'energy_per_image_wh': 8.411979233613893}"
"You are a clinical dermatology research photographer. Generate one ultra-photorealistic ISIC-style dermoscopic close-up photo of a single melanoma lesion on real human skin, captured with a contact polarized dermatoscope using immersion fluid. Light pink skin background, natural pores/texture visible. Lesion occupies ~35% of the frame, fully visible, slightly off-center. Include a few fine body hairs crossing the lesion and nearby skin. Show subtle specular reflections from the dermatoscope contact plate. Even soft clinical lighting, no harsh shadows. Razor-sharp focus across the entire lesion (no blur). Realistic color variegation: light pink/tan to dark brown/black, with asymmetry, irregular border, atypical pigment network, and irregular internal structures (dots/globules, streaks). Looks like a raw, unedited hospital dermatology research image; no artistic style, no filters, no beautification.",sd3.5,stabilityai/stable-diffusion-3.5-large,mel,mel,template_3,C:\Users\Victor\Desktop\University\Master\Semester 1\Synthetic Data Generation for Skin Cancer Detection\POC\synthetic-data-gen\logs\experiments\experiment_1_20251222_220532\images\image_015.png,"['C:\\Users\\Victor\\Desktop\\University\\Master\\Semester 1\\Synthetic Data Generation for Skin Cancer Detection\\POC\\synthetic-data-gen\\logs\\experiments\\experiment_1_20251222_220532\\images\\ref_015_0.png', 'C:\\Users\\Victor\\Desktop\\University\\Master\\Semester 1\\Synthetic Data Generation for Skin Cancer Detection\\POC\\synthetic-data-gen\\logs\\experiments\\experiment_1_20251222_220532\\images\\ref_015_1.png', 'C:\\Users\\Victor\\Desktop\\University\\Master\\Semester 1\\Synthetic Data Generation for Skin Cancer Detection\\POC\\synthetic-data-gen\\logs\\experiments\\experiment_1_20251222_220532\\images\\ref_015_2.png', 'C:\\Users\\Victor\\Desktop\\University\\Master\\Semester 1\\Synthetic Data Generation for Skin Cancer Detection\\POC\\synthetic-data-gen\\logs\\experiments\\experiment_1_20251222_220532\\images\\ref_015_3.png', 'C:\\Users\\Victor\\Desktop\\University\\Master\\Semester 1\\Synthetic Data Generation for Skin Cancer Detection\\POC\\synthetic-data-gen\\logs\\experiments\\experiment_1_20251222_220532\\images\\ref_015_4.png']",0.5231879756837682,0.0011684822019278397,0.014093494838280601,"{'total_time_seconds': 611.6624119281769, 'seconds_per_image': 611.6624119281769, 'avg_power_watts': 56.54169090909091, 'peak_power_watts': 66.31, 'total_energy_wh': 9.606785287764449, 'energy_per_image_wh': 9.606785287764449}"
"You are a clinical dermatology research photographer. Generate one ultra-photorealistic ISIC-style dermoscopic close-up photo of a single benign keratosis lesion on real human skin, captured with a contact polarized dermatoscope using immersion fluid. Light pink skin background, natural pores/texture visible. Lesion occupies ~35% of the frame, fully visible, slightly off-center. Include a few fine body hairs crossing the lesion and nearby skin. Show subtle specular reflections from the dermatoscope contact plate. Even soft clinical lighting, no harsh shadows. Razor-sharp focus across the entire lesion (no blur). Realistic color variegation: light pink/tan to dark brown/black, with asymmetry, irregular border, atypical pigment network, and irregular internal structures (dots/globules, streaks). Looks like a raw, unedited hospital dermatology research image; no artistic style, no filters, no beautification.",sd3.5,stabilityai/stable-diffusion-3.5-large,bkl,bkl,template_3,C:\Users\Victor\Desktop\University\Master\Semester 1\Synthetic Data Generation for Skin Cancer Detection\POC\synthetic-data-gen\logs\experiments\experiment_1_20251222_220532\images\image_016.png,"['C:\\Users\\Victor\\Desktop\\University\\Master\\Semester 1\\Synthetic Data Generation for Skin Cancer Detection\\POC\\synthetic-data-gen\\logs\\experiments\\experiment_1_20251222_220532\\images\\ref_016_0.png', 'C:\\Users\\Victor\\Desktop\\University\\Master\\Semester 1\\Synthetic Data Generation for Skin Cancer Detection\\POC\\synthetic-data-gen\\logs\\experiments\\experiment_1_20251222_220532\\images\\ref_016_1.png', 'C:\\Users\\Victor\\Desktop\\University\\Master\\Semester 1\\Synthetic Data Generation for Skin Cancer Detection\\POC\\synthetic-data-gen\\logs\\experiments\\experiment_1_20251222_220532\\images\\ref_016_2.png', 'C:\\Users\\Victor\\Desktop\\University\\Master\\Semester 1\\Synthetic Data Generation for Skin Cancer Detection\\POC\\synthetic-data-gen\\logs\\experiments\\experiment_1_20251222_220532\\images\\ref_016_3.png', 'C:\\Users\\Victor\\Desktop\\University\\Master\\Semester 1\\Synthetic Data Generation for Skin Cancer Detection\\POC\\synthetic-data-gen\\logs\\experiments\\experiment_1_20251222_220532\\images\\ref_016_4.png']",0.4938283029661423,0.17299928001297024,0.01671687455856745,"{'total_time_seconds': 458.08647894859314, 'seconds_per_image': 458.08647894859314, 'avg_power_watts': 57.70485854858549, 'peak_power_watts': 60.87, 'total_energy_wh': 7.342726519652264, 'energy_per_image_wh': 7.342726519652264}"
"You are a clinical dermatology research photographer. Generate one ultra-photorealistic ISIC-style dermoscopic close-up photo of a single basal cell carcinoma lesion on real human skin, captured with a contact polarized dermatoscope using immersion fluid. Light pink skin background, natural pores/texture visible. Lesion occupies ~35% of the frame, fully visible, slightly off-center. Include a few fine body hairs crossing the lesion and nearby skin. Show subtle specular reflections from the dermatoscope contact plate. Even soft clinical lighting, no harsh shadows. Razor-sharp focus across the entire lesion (no blur). Realistic color variegation: light pink/tan to dark brown/black, with asymmetry, irregular border, atypical pigment network, and irregular internal structures (dots/globules, streaks). Looks like a raw, unedited hospital dermatology research image; no artistic style, no filters, no beautification.",sd3.5,stabilityai/stable-diffusion-3.5-large,bcc,bcc,template_3,C:\Users\Victor\Desktop\University\Master\Semester 1\Synthetic Data Generation for Skin Cancer Detection\POC\synthetic-data-gen\logs\experiments\experiment_1_20251222_220532\images\image_017.png,"['C:\\Users\\Victor\\Desktop\\University\\Master\\Semester 1\\Synthetic Data Generation for Skin Cancer Detection\\POC\\synthetic-data-gen\\logs\\experiments\\experiment_1_20251222_220532\\images\\ref_017_0.png', 'C:\\Users\\Victor\\Desktop\\University\\Master\\Semester 1\\Synthetic Data Generation for Skin Cancer Detection\\POC\\synthetic-data-gen\\logs\\experiments\\experiment_1_20251222_220532\\images\\ref_017_1.png', 'C:\\Users\\Victor\\Desktop\\University\\Master\\Semester 1\\Synthetic Data Generation for Skin Cancer Detection\\POC\\synthetic-data-gen\\logs\\experiments\\experiment_1_20251222_220532\\images\\ref_017_2.png', 'C:\\Users\\Victor\\Desktop\\University\\Master\\Semester 1\\Synthetic Data Generation for Skin Cancer Detection\\POC\\synthetic-data-gen\\logs\\experiments\\experiment_1_20251222_220532\\images\\ref_017_3.png', 'C:\\Users\\Victor\\Desktop\\University\\Master\\Semester 1\\Synthetic Data Generation for Skin Cancer Detection\\POC\\synthetic-data-gen\\logs\\experiments\\experiment_1_20251222_220532\\images\\ref_017_4.png']",0.552114222869587,0.04327516957035273,0.0801913357802253,"{'total_time_seconds': 616.9248178005219, 'seconds_per_image': 616.9248178005219, 'avg_power_watts': 56.75404524886878, 'peak_power_watts': 59.8, 'total_energy_wh': 9.725827506833594, 'energy_per_image_wh': 9.725827506833594}"
"You are a clinical dermatology research photographer. Generate one ultra-photorealistic ISIC-style dermoscopic close-up photo of a single actinic keratosis lesion on real human skin, captured with a contact polarized dermatoscope using immersion fluid. Light pink skin background, natural pores/texture visible. Lesion occupies ~35% of the frame, fully visible, slightly off-center. Include a few fine body hairs crossing the lesion and nearby skin. Show subtle specular reflections from the dermatoscope contact plate. Even soft clinical lighting, no harsh shadows. Razor-sharp focus across the entire lesion (no blur). Realistic color variegation: light pink/tan to dark brown/black, with asymmetry, irregular border, atypical pigment network, and irregular internal structures (dots/globules, streaks). Looks like a raw, unedited hospital dermatology research image; no artistic style, no filters, no beautification.",sd3.5,stabilityai/stable-diffusion-3.5-large,akiec,akiec,template_3,C:\Users\Victor\Desktop\University\Master\Semester 1\Synthetic Data Generation for Skin Cancer Detection\POC\synthetic-data-gen\logs\experiments\experiment_1_20251222_220532\images\image_018.png,"['C:\\Users\\Victor\\Desktop\\University\\Master\\Semester 1\\Synthetic Data Generation for Skin Cancer Detection\\POC\\synthetic-data-gen\\logs\\experiments\\experiment_1_20251222_220532\\images\\ref_018_0.png', 'C:\\Users\\Victor\\Desktop\\University\\Master\\Semester 1\\Synthetic Data Generation for Skin Cancer Detection\\POC\\synthetic-data-gen\\logs\\experiments\\experiment_1_20251222_220532\\images\\ref_018_1.png', 'C:\\Users\\Victor\\Desktop\\University\\Master\\Semester 1\\Synthetic Data Generation for Skin Cancer Detection\\POC\\synthetic-data-gen\\logs\\experiments\\experiment_1_20251222_220532\\images\\ref_018_2.png', 'C:\\Users\\Victor\\Desktop\\University\\Master\\Semester 1\\Synthetic Data Generation for Skin Cancer Detection\\POC\\synthetic-data-gen\\logs\\experiments\\experiment_1_20251222_220532\\images\\ref_018_3.png', 'C:\\Users\\Victor\\Desktop\\University\\Master\\Semester 1\\Synthetic Data Generation for Skin Cancer Detection\\POC\\synthetic-data-gen\\logs\\experiments\\experiment_1_20251222_220532\\images\\ref_018_4.png']",0.37850594935799037,0.07594173067766738,0.050387674236690695,"{'total_time_seconds': 587.9781441688538, 'seconds_per_image': 587.9781441688538, 'avg_power_watts': 57.08125240847784, 'peak_power_watts': 61.1, 'total_energy_wh': 9.322924682769644, 'energy_per_image_wh': 9.322924682769644}"
"You are a clinical dermatology research photographer. Generate one ultra-photorealistic ISIC-style dermoscopic close-up photo of a single vascular lesion lesion on real human skin, captured with a contact polarized dermatoscope using immersion fluid. Light pink skin background, natural pores/texture visible. Lesion occupies ~35% of the frame, fully visible, slightly off-center. Include a few fine body hairs crossing the lesion and nearby skin. Show subtle specular reflections from the dermatoscope contact plate. Even soft clinical lighting, no harsh shadows. Razor-sharp focus across the entire lesion (no blur). Realistic color variegation: light pink/tan to dark brown/black, with asymmetry, irregular border, atypical pigment network, and irregular internal structures (dots/globules, streaks). Looks like a raw, unedited hospital dermatology research image; no artistic style, no filters, no beautification.",sd3.5,stabilityai/stable-diffusion-3.5-large,vasc,vasc,template_3,C:\Users\Victor\Desktop\University\Master\Semester 1\Synthetic Data Generation for Skin Cancer Detection\POC\synthetic-data-gen\logs\experiments\experiment_1_20251222_220532\images\image_019.png,"['C:\\Users\\Victor\\Desktop\\University\\Master\\Semester 1\\Synthetic Data Generation for Skin Cancer Detection\\POC\\synthetic-data-gen\\logs\\experiments\\experiment_1_20251222_220532\\images\\ref_019_0.png', 'C:\\Users\\Victor\\Desktop\\University\\Master\\Semester 1\\Synthetic Data Generation for Skin Cancer Detection\\POC\\synthetic-data-gen\\logs\\experiments\\experiment_1_20251222_220532\\images\\ref_019_1.png', 'C:\\Users\\Victor\\Desktop\\University\\Master\\Semester 1\\Synthetic Data Generation for Skin Cancer Detection\\POC\\synthetic-data-gen\\logs\\experiments\\experiment_1_20251222_220532\\images\\ref_019_2.png', 'C:\\Users\\Victor\\Desktop\\University\\Master\\Semester 1\\Synthetic Data Generation for Skin Cancer Detection\\POC\\synthetic-data-gen\\logs\\experiments\\experiment_1_20251222_220532\\images\\ref_019_3.png', 'C:\\Users\\Victor\\Desktop\\University\\Master\\Semester 1\\Synthetic Data Generation for Skin Cancer Detection\\POC\\synthetic-data-gen\\logs\\experiments\\experiment_1_20251222_220532\\images\\ref_019_4.png']",0.5446515606741406,0.035616462322056786,0.028504687509977866,"{'total_time_seconds': 594.5224869251251, 'seconds_per_image': 594.5224869251251, 'avg_power_watts': 57.4956407857811, 'peak_power_watts': 65.6, 'total_energy_wh': 9.49512537425451, 'energy_per_image_wh': 9.49512537425451}"
"You are a clinical dermatology research photographer. Generate one ultra-photorealistic ISIC-style dermoscopic close-up photo of a single dermatofibroma lesion on real human skin, captured with a contact polarized dermatoscope using immersion fluid. Light pink skin background, natural pores/texture visible. Lesion occupies ~35% of the frame, fully visible, slightly off-center. Include a few fine body hairs crossing the lesion and nearby skin. Show subtle specular reflections from the dermatoscope contact plate. Even soft clinical lighting, no harsh shadows. Razor-sharp focus across the entire lesion (no blur). Realistic color variegation: light pink/tan to dark brown/black, with asymmetry, irregular border, atypical pigment network, and irregular internal structures (dots/globules, streaks). Looks like a raw, unedited hospital dermatology research image; no artistic style, no filters, no beautification.",sd3.5,stabilityai/stable-diffusion-3.5-large,df,df,template_3,C:\Users\Victor\Desktop\University\Master\Semester 1\Synthetic Data Generation for Skin Cancer Detection\POC\synthetic-data-gen\logs\experiments\experiment_1_20251222_220532\images\image_020.png,"['C:\\Users\\Victor\\Desktop\\University\\Master\\Semester 1\\Synthetic Data Generation for Skin Cancer Detection\\POC\\synthetic-data-gen\\logs\\experiments\\experiment_1_20251222_220532\\images\\ref_020_0.png', 'C:\\Users\\Victor\\Desktop\\University\\Master\\Semester 1\\Synthetic Data Generation for Skin Cancer Detection\\POC\\synthetic-data-gen\\logs\\experiments\\experiment_1_20251222_220532\\images\\ref_020_1.png', 'C:\\Users\\Victor\\Desktop\\University\\Master\\Semester 1\\Synthetic Data Generation for Skin Cancer Detection\\POC\\synthetic-data-gen\\logs\\experiments\\experiment_1_20251222_220532\\images\\ref_020_2.png', 'C:\\Users\\Victor\\Desktop\\University\\Master\\Semester 1\\Synthetic Data Generation for Skin Cancer Detection\\POC\\synthetic-data-gen\\logs\\experiments\\experiment_1_20251222_220532\\images\\ref_020_3.png', 'C:\\Users\\Victor\\Desktop\\University\\Master\\Semester 1\\Synthetic Data Generation for Skin Cancer Detection\\POC\\synthetic-data-gen\\logs\\experiments\\experiment_1_20251222_220532\\images\\ref_020_4.png']",0.6609903009572817,0.2978806752509361,0.03465037723440044,"{'total_time_seconds': 608.522025346756, 'seconds_per_image': 608.522025346756, 'avg_power_watts': 57.79189639222942, 'peak_power_watts': 64.12, 'total_energy_wh': 9.768789400341479, 'energy_per_image_wh': 9.768789400341479}"
